refs/heads/master,SnowCait
refs/heads/master,SnowCait
refs/heads/master,SnowCait
refs/heads/master,SnowCait
refs/heads/master,SnowCait
refs/heads/master,SnowCait
refs/heads/master,SnowCait
refs/heads/master,SnowCait
refs/heads/master,SnowCait
refs/heads/master,SnowCait
refs/heads/master,SnowCait
refs/heads/master,SnowCait
refs/heads/master,SnowCait
refs/heads/master,SnowCait
refs/heads/master,SnowCait
refs/heads/master,SnowCait
refs/heads/master,SnowCait
refs/heads/master,SnowCait
refs/heads/master,SnowCait
refs/heads/master,SnowCait
refs/heads/master,SnowCait
refs/heads/master,SnowCait
refs/heads/master,SnowCait
refs/heads/master,SnowCait
refs/heads/master,SnowCait
refs/heads/master,SnowCait
refs/heads/master,SnowCait
refs/heads/master,SnowCait
refs/heads/master,SnowCait
refs/heads/master,SnowCait
refs/heads/master,SnowCait
refs/heads/master,SnowCait
refs/heads/master,SnowCait
refs/heads/SnowCait-patch-4,SnowCait
refs/heads/master,SnowCait
refs/heads/master,SnowCait
refs/heads/master,SnowCait
refs/heads/master,SnowCait
refs/heads/master,SnowCait
refs/heads/master,SnowCait
refs/heads/master,SnowCait
refs/heads/master,SnowCait
refs/heads/master,SnowCait
refs/heads/master,SnowCait
refs/heads/master,SnowCait
refs/heads/master,SnowCait
refs/heads/master,SnowCait
refs/heads/master,SnowCait
refs/heads/master,SnowCait
refs/heads/master,SnowCait
refs/heads/master,SnowCait
refs/heads/master,SnowCait
refs/heads/master,SnowCait
refs/heads/master,SnowCait
refs/heads/master,SnowCait
refs/heads/master,SnowCait
refs/heads/master,SnowCait
refs/heads/master,SnowCait
refs/heads/master,SnowCait
refs/heads/master,SnowCait
refs/heads/master,SnowCait
refs/heads/master,SnowCait
refs/heads/master,SnowCait
refs/heads/master,SnowCait
refs/heads/master,SnowCait
refs/heads/master,SnowCait
refs/heads/master,SnowCait
refs/heads/master,SnowCait
refs/heads/master,SnowCait
refs/heads/master,SnowCait
refs/heads/master,SnowCait
refs/heads/master,SnowCait
refs/heads/master,SnowCait
refs/heads/master,SnowCait
refs/heads/master,SnowCait
refs/heads/master,SnowCait
refs/heads/master,SnowCait
refs/heads/master,SnowCait
refs/heads/master,SnowCait
refs/heads/master,SnowCait
refs/heads/master,SnowCait
refs/heads/master,SnowCait
refs/heads/master,SnowCait
refs/heads/master,SnowCait
refs/heads/master,SnowCait
refs/heads/master,SnowCait
